Time,Density_1,Density_2,Pressure_1,Pressure_2,Temperature_1,Temperature_2,Enthalpy_1,Enthalpy_2
0.1,1.16549,1.16549,0,0,20,20,354.638,354.638
10,1.35549,1.20349,61039.96,12207.99,130.708,44.94,568.278,397.366
20,1.36549,1.24349,64252.59,25058.51,135.681,69.545,579.522,442.343
30,1.36549,1.28349,64252.59,37909.03,135.681,92.615,579.522,487.32
40,1.36549,1.32349,64252.59,50759.55,135.681,114.29,579.522,532.296
50,1.36549,1.36349,64252.59,63610.06,135.681,134.692,579.522,577.273
59.9,1.36549,1.36549,64252.59,64252.59,135.681,135.681,579.522,579.522
