Time,Ar mass,SO2 mass,He mass
0.,0.,0.,0.
10.,0.0025,0.003142,0.001257
20.,0.005,0.006283,0.002513
