s,C,kJ/m3,m/s
Time,Temp,H_S,W
5,25,3.5463750E+002,1
10,25,3.5463750E+002,1
15,25,3.5463750E+002,1