s,m/s,m/s,kg/m/s,kg/m3
FDS Time,"Device_1","Device_2","Device_3","Device_4"
 0.0000000E+000,-4.3368087E-019,-3.1015863E-002, 2.4990405E-002, 1.1984476E+000
 5.1620044E-002, 2.2227101E-002, 2.1545424E-002, 2.4990405E-002, 1.1984476E+000
 1.0324009E-001, 6.2178386E-002, 6.7483400E-002, 2.4990405E-002, 1.1984476E+000
 1.5117298E-001, 9.9396808E-002, 1.0848029E-001, 2.4990405E-002, 1.1984476E+000
