s,kg,kg
Time,Mass N2,Total
80.,0.00931,0.8
100.,0.00931,0.8
