Time,Exact Total,Exact Bin 1,Exact Bin 2
0,0.00001,0.00001,0
60,0.00001,1.00E-05,2.26E-09
