Time,Exact Total,Exact Bin 1,Exact Bin 2
0,0.00001,0.00001,0
60,0.00001,9.9989E-06,1.06E-09
