Time,Mass
8,0.0004479
9,0.0004479
10,0.0004479
