s,kg,kg,kg,kg,kg
Time,Total,NITROGEN,OXYGEN,CARBON DIOXIDE,WATER VAPOR
 0.0000000E+000, 0.569418, 0.434165, 0.131534, 3.367912E-004, 3.382906E-003
 3.9528470E-002, 0.569418, 0.434165, 0.131534, 3.367912E-004, 3.382906E-003
 7.9056941E-002, 0.569418, 0.434165, 0.131534, 3.367912E-004, 3.382906E-003
 1.0000000E-001, 0.569418, 0.434165, 0.131534, 3.367912E-004, 3.382906E-003
