Time,dH_exact,dP_exact
28,28121.30359,62770.76693
30,28121.30359,62770.76693
