Time,Ideal,Non-Ideal
0,0.00087502,0.0008
1,0.00087502,0.0008
2,0.00087502,0.0008
3,0.00087502,0.0008
4,0.00087502,0.0008
