x,p,u,rho,T
0.0000,0.7548,1.0000,1.16455,20.
0.0200,0.7548,1.0000,1.16455,20.
0.0395,0.7548,1.0000,1.16455,20.
0.0415,0.0000,1.7087,0.68150,227.79
0.0600,0.0000,1.7087,0.68150,227.79
0.0800,0.0000,1.7087,0.68150,227.79
0.1000,0.0000,1.7087,0.68150,227.79
