x,p,u,rho,T
0,0.7437,1,1.16455,20
0.02,0.7437,1,1.16455,20
0.0395,0.7437,1,1.16455,20
0.0415,0,1.6978,0.6859,224.5653
0.06,0,1.6978,0.6859,224.5653
0.08,0,1.6978,0.6859,224.5653
0.1,0,1.6978,0.6859,224.5653
