Time,ideal
 0.0000000E+000, 1.7970000E+001
 1.0000000E+000, 1.7970000E+001
 2.0000000E+000, 1.7970000E+001