Time,U,T
240,-139.3549,20.89468
270,-139.3549,20.89468
300,-139.3549,20.89468
