Time,U,T
3000,-139.1699,21.80814
3300,-139.1699,21.80814
3600,-139.1699,21.80814
