Time,Temp
0,1000
60,999.2826371
300,891.795499
600,717.6768114
900,574.8708126
1200,460.4018788
1500,368.723793
1800,295.3011488
