Time,Exact 0.1,Exact 0.4,Exact 0.8
3,125.7030843,13.98540733,5.294735867
4,125.7030843,13.98540733,5.294735867
