Time,Ideal,Non-Ideal
0,0.000876563,0.0008
1,0.000876563,0.0008
2,0.000876563,0.0008
3,0.000876563,0.0008
4,0.000876563,0.0008
