Time,T_gas,T_wall,Pressure
150,172.0471327,172.0471327,34613.97871
200,172.0471327,172.0471327,34613.97871
