Time, radx0, radx0.5, radx1
 4.0000000E+001, 8.0383100E+001, 5.7589745E+000, 8.3463768E-001
