Time, radx0, radx0.5, radx1
 4.0000000E+001, 8.0383053E+001, 5.7588816E+000, 8.3460855E-001
