Time, O2, C3H8, CO2, H2O
0.000000, 0.218851, 0.040000, 0.000000, 0.000000
1.000000, 0.073724, 0.000002, 0.119760, 0.065365
