Time,Soot concentration (kg/m3)
0,0.00010000
20,0.00009717
40,0.00009434
60,0.00009152
80,0.00008869
100,0.00008586
