Time,Delta e_part,Delta e_gas,mass fuel gas,mass CO2,mass foliage,mass O2
70.0,-0.01145444,0.113556,0.000029453,0.00002582,0.000000196,-0.0000162
80.0,-0.01145444,0.113556,0.000029453,0.00002582,0.000000196,-0.0000162
90.0,-0.01145444,0.113556,0.000029453,0.00002582,0.000000196,-0.0000162
