Time,Delta e_part,Delta e_gas,mass fuel gas,mass CO2,mass foliage,mass O2
8.0,-0.01145444,0.309906,0.000029453,0.00002582,0.000000196,-0.0000162
9.0,-0.01145444,0.309906,0.000029453,0.00002582,0.000000196,-0.0000162
10.,-0.01145444,0.309906,0.000029453,0.00002582,0.000000196,-0.0000162
