Time,HR,mass
0,0,-100
20,45.6,0.0002656
40,0,0.0002656
