Time,HR,mass
0,0,-100
20,51.55,0.000164
40,0,0.000164
