Time,HR,mass
0,0,-100
20,43.05,0.000266
40,0,0.000266
