Time,HR,mass
0,0,-100
10,101.2,0.000531
20,0,0.000531