Time,Delta e_part,Delta e_gas,mass fuel gas,mass char gas
8.0,-0.011511974,0.309963,0.000029452,0.000009817
9.0,-0.011511974,0.309963,0.000029452,0.000009817
10.,-0.011511974,0.309963,0.000029452,0.000009817
