Time,HR,mass
0,0,-100
20,42.3,0.000531
40,0,0.000531
