Time,HR,mass
0,0,-100
10,42.3,0.000531
20,0,0.000531