Time,Delta e_part,Delta e_gas,mass fuel gas,mass CO2,mass foliage,mass O2
20,-0.241,0.241,0.000029453,0.00002582,0.000000196,-0.0000162
22,-0.241,0.241,0.000029453,0.00002582,0.000000196,-0.0000162