Time,Mass
26,0.32835
28,0.32835
30,0.32835
