Time,Mass
46,0.32835
48,0.32835
50,0.32835