Time, Mass
0,0
10,0.057833333333333
11,0.057833333333333

