Time,HRR,Burning_Rate
3,100,5.00E-03
5,100,5.00E-03
7,26.35971381,1.32E-03
9,6.948345122,3.47E-04
11,1.831563889,9.16E-05
13,0.482794999,2.41E-05
15,0.12726338,6.36E-06
17,0.033546263,1.68E-06
19,2.00E-04,1.00E-08
20,2.00E-04,1.00E-08
