Time,Exact 0.1,Exact 0.4,Exact 0.8
3,1261.472457,167.9265423,123.5222968
4,1261.472457,167.9265423,123.5222968
