s,C,kg/m3,kPa,kg/kg,%,C,kg/m3,kJ,kJ
Time,Temp,dens,pres,H2O,humid,temp_w,con_w,h_gas,h_water
45000,24.23487877,0.007964697,-61258.07947,0.017213901,100,24.23487877,8.173285303,-13.15507154,9.234554452
50000,24.23487877,0.007964697,-61258.07947,0.017213901,100,24.23487877,8.173285303,-13.15507154,9.234554452
