s,C,kg/m3,Pa,kg/kg,%,C,kg/m3,kJ,kJ
Time,Temp,dens,pres,H2O,humid,temp_w,con_w,h_gas,h_water
55,45.6864847,0.065077975,-49963.49847,0.125197361,100,45.6864847,0.034922025,-48.24769964,-1.71552977
60,45.6864847,0.065077975,-49963.49847,0.125197361,100,45.6864847,0.034922025,-48.24769964,-1.71552977
