s,C,kg/m3,Pa,kg/kg,%,C,kg/m3,kJ,kJ
Time,Temp,dens,pres,H2O,humid,temp_w,con_w,h_gas,h_water
15,45.89497596,0.066147596,-49935.66566,0.126996328,100,45.89497596,0.033852404,-1088.417588,1038.495261
20,45.89497596,0.066147596,-49935.66566,0.126996328,100,45.89497596,0.033852404,-1088.417588,1038.495261
