s,C,kg/m3,Pa,kg/kg,%,C,kg/m3,kJ,kJ
Time,Temp,dens,pres,H2O,humid,temp_w,con_w,h_gas,h_water
45000,23.49065668,0.019131427,-59849.08082,0.040374769,100,23.49065668,8.162118573,-30.90804063,27.07769363
50000,23.49065668,0.019131427,-59849.08082,0.040374769,100,23.49065668,8.162118573,-30.90804063,27.07769363
