Time,Rel. Hum,h_gas,h_water,dens,temp,pres,vapor
8,2.109675497,-6.973589075,-0.839994147,0.01,154.301295,-7813.583222,0.01
10,2.109675497,-6.973589075,-0.839994147,0.01,154.301295,-7813.583222,0.01
