s,C,kg/m3,Pa,kg/kg,%,C,kg/m3,kJ,kJ
Time,Temp,dens,pres,H2O,humid,temp_w,con_w,h_gas,h_water
15,44.61856892,0.065452421,-50080.56222,0.125829607,100,44.61856892,0.034547579,-1093.470533,1043.389971
20,44.61856892,0.065452421,-50080.56222,0.125829607,100,44.61856892,0.034547579,-1093.470533,1043.389971
