s,C,kg/m3,Pa,kg/kg,%,C,kg/m3,kJ,kJ
Time,Temp,dens,pres,H2O,humid,temp_w,con_w,h_gas,h_water
15,44.70175501,0.065431305,-50070.31809,0.125794119,100,44.70175501,0.034568695,-1093.139683,1043.069365
20,44.70175501,0.065431305,-50070.31809,0.125794119,100,44.70175501,0.034568695,-1093.139683,1043.069365
