s,C,kg/m3,Pa,kg/kg,%,C,kg/m3
Time,"Temp","dens","pres","H2O","humid","temp_w","con_w"
6500,25.37384422,0.011453125, -60619.27997, 0.024577399, 100, 25.37384422, 8.169777744
7000,25.37384422,0.011453125, -60619.27997, 0.024577399, 100, 25.37384422, 8.169777744

