s,C,kg/m3,Pa,kg/kg,%,C,kg/m3,kJ,kJ
Time,Temp,dens,pres,H2O,humid,temp_w,con_w,h_gas,h_water
45000,23.48344577,0.019255609,-59813.49153,0.040626191,100,23.48344577,8.161994391,-11.34560938,7.517545918
50000,23.48344577,0.019255609,-59813.49153,0.040626191,100,23.48344577,8.161994391,-11.34560938,7.517545918
