Time,T_gas,T_wall,Pressure
800,172.0471327,172.0471327,34613.97871
1000,172.0471327,172.0471327,34613.97871
