s,C,kg/m3,Pa,kg/kg,%,C,kg/m3,kJ,kJ
Time,Temp,dens,pres,H2O,humid,temp_w,con_w,h_gas,h_water
55,45.68494405,0.065077744,-49963.77905,0.125196972,100,45.68494405,0.034922256,-48.24805396,-1.715725091
60,45.68494405,0.065077744,-49963.77905,0.125196972,100,45.68494405,0.034922256,-48.24805396,-1.715725091
