s,C,kg/m3,Pa,kg/kg,%,C,kg/m3,kJ,kJ
Time,Temp,dens,pres,H2O,humid,temp_w,con_w,h_gas,h_water
55,58.28809592,0.061844312,-48427.93849,0.119721201,100,58.28809592,0.038155688,-49.34094022,0.913001728
60,58.28809592,0.061844312,-48427.93849,0.119721201,100,58.28809592,0.038155688,-49.34094022,0.913001728
