s,C,kg/m3,Pa,kg/kg,%,C,kg/m3,kJ,kJ
Time,Temp,dens,pres,H2O,humid,temp_w,con_w,h_gas,h_water
45000,23.38482038,0.021552726,-59512.89868,0.045253415,100,23.38482038,8.159697274,-33.11497246,29.30614694
50000,23.38482038,0.021552726,-59512.89868,0.045253415,100,23.38482038,8.159697274,-33.11497246,29.30614694
