s,C,kg/m3,Pa,kg/kg,%,C,kg/m3,kJ,kJ
Time,Temp,dens,pres,H2O,humid,temp_w,con_w,h_gas,h_water
55,45.68568698,0.065075291,-49964.02123,0.125195358,100,45.68568698,0.034924709,-48.25011837,-1.715011797
60,45.68568698,0.065075291,-49964.02123,0.125195358,100,45.68568698,0.034924709,-48.25011837,-1.715011797
