Time,Rel. Hum,h_gas,h_water,dens,temp,pres,vapor
8,2.109675497,-166.6819189,158.8688686,0.01,154.3037308,-7813.050356,0.01
10,2.109675497,-166.6819189,158.8688686,0.01,154.3037308,-7813.050356,0.01
