s,C,kg/m3,Pa,kg/kg,%,C,kg/m3,kJ,kJ
Time,Temp,dens,pres,H2O,humid,temp_w,con_w,h_gas,h_water
45000,23.37864874,0.021644883,-59501.15644,0.04543812,100,23.37864874,8.159605117,-33.19435895,29.38628494
50000,23.37864874,0.021644883,-59501.15644,0.04543812,100,23.37864874,8.159605117,-33.19435895,29.38628494
