Time,Rel. Hum,h_gas,h_water,dens,temp,pres,vapor
25,2.109675497,-6.973662096,-0.839994147,0.01,154.3009612,-7813.656243,0.01
30,2.109675497,-6.973662096,-0.839994147,0.01,154.3009612,-7813.656243,0.01
