s,C,kg/m3,kPa,kg/kg,%,C,kg/m3,kJ,kJ
Time,"Temp","dens","pres","H2O","humid","temp_w","con_w","h_gas","h_water"
6500,25.37384422,0.008105, -61250., 0.01738, 100, 25.37384422, 8.169777744,-13.14,9.206
7000,25.37384422,0.008105, -61250., 0.01738, 100, 25.37384422, 8.169777744,-13.14,9.206

