s,C,kg/m3,Pa,kg/kg,%,C,kg/m3,kJ,kJ
Time,Temp,dens,pres,H2O,humid,temp_w,con_w,h_gas,h_water
55,44.09410414,0.060353023,-51050.15785,0.117174934,100,44.09410414,0.039646977,-1013.853135,962.814405
60,44.09410414,0.060353023,-51050.15785,0.117174934,100,44.09410414,0.039646977,-1013.853135,962.814405
