Time,Soot concentration (kg/m3)
0,0.0001000
100,0.0000868
200,0.0000754
300,0.0000654
400,0.0000568
500,0.0000493