Time,FED
0,0
10,0.02903
20,0.05806
30,0.08709
40,0.11612
50,0.14515
60,0.17418
70,0.20321
80,0.23224
90,0.26127
100,0.2903
