Time,FED
0,0
0.05,1.094582131
0.1,1.09458221
0.15,1.201897627
0.2,1.436465055
0.25,2.312130775
0.3,2.337981505
0.35,2.445296923
0.4,2.464860674
