Time (s),FED
0,0
10,0.056321
20,0.11264
30,0.16896
40,0.22529
50,0.28161
60,0.33793
70,0.39425
80,0.45057
90,0.50689
100,0.56321
