Time ,H2Ov
0,0.06028
1,0.06028
