Time,O2,C3H8,CO,CO2,H2O,H2,Temperature,Pressure
5,0.02815,0,0.03834,0.12095,0.09868,0.00079,2537.97,419890
6,0.02815,0,0.03834,0.12095,0.09868,0.00079,2537.97,419890
7,0.02815,0,0.03834,0.12095,0.09868,0.00079,2537.97,419890
8,0.02815,0,0.03834,0.12095,0.09868,0.00079,2537.97,419890
9,0.02815,0,0.03834,0.12095,0.09868,0.00079,2537.97,419890
10,0.02815,0,0.03834,0.12095,0.09868,0.00079,2537.97,419890