Time, TEMP, PRES
1.000000, 2542.966333, 855722.958695
1.250000, 2542.966333, 855722.958695
1.500000, 2542.966333, 855722.958695
1.750000, 2542.966333, 855722.958695
2.000000, 2542.966333, 855722.958695
