Time,TEMP,PRES
1.000000,2548.642603,857652.021087
1.250000,2548.642603,857652.021087
1.500000,2548.642603,857652.021087
1.750000,2548.642603,857652.021087
2.000000,2548.642603,857652.021087
