Time, TEMP, PRES
1.000000, 2626.248804, 923739.801851
1.250000, 2626.248804, 923739.801851
1.500000, 2626.248804, 923739.801851
1.750000, 2626.248804, 923739.801851
2.000000, 2626.248804, 923739.801851
