Time,TEMP,PRES
1.000000,2634.213892,926555.811283
1.250000,2634.213892,926555.811283
1.500000,2634.213892,926555.811283
1.750000,2634.213892,926555.811283
2.000000,2634.213892,926555.811283
