Time, TEMP, PRES
35.000000, 2472.714868, 834061.280941
40.000000, 2472.714868, 834061.280941
45.000000, 2472.714868, 834061.280941
50.000000, 2472.714868, 834061.280941
55.000000, 2472.714868, 834061.280941
60.000000, 2472.714868, 834061.280941
