Time,Soot mass (kg)
0,0.29099805
20,0.282718806
40,0.274439563
60,0.266160319
80,0.257881075
100,0.249601831
