s,kg/s,,kg,
Time,METHANE,PMMA,TOTAL
0, 0, 9.1238400E-002, 9.1238400E-002
600, 9.1238400E-002, 0, 9.1238400E-002
800, 9.1238400E-002, 0, 9.1238400E-002