s,kg/m3,kg/m3,kg/m3
Time,"RHO_A","RHO_B","RHO_S"
 0.,             1.0000000E+002, 0.0000000E+000, 1.0000000E+002
 500.,           1.0000000E+002, 0.0000000E+000, 1.0000000E+002
 3.1000089E+003, 0.0000000E+000, 5.0000000E+001, 5.0000000E+001
 3.6000000E+003, 0.0000000E+000, 5.0000000E+001, 5.0000000E+001
