Time ,Mass (kg)
0,0.00565
200,0.00565
