Time ,Mass (kg)
60,0.00151
70,0.00151
80,0.00151
90,0.00151
100,0.00151
