Time ,Mass (kg),Q (kJ)
60,0.00565,67.86
70,0.00565,67.86
80,0.00565,67.86
90,0.00565,67.86
100,0.00565,67.86
