Time ,Mass (kg)
0,0.00151
200,0.00151
