Time ,Mass (kg)
70,0.00151
80,0.00151
90,0.00151
100,0.00151
