Time ,Mass (kg)
60.,0.00565
70.,0.00565
80.,0.00565
90.,0.00565
100,0.00565
