Time ,Mass (kg),Q (kJ)
60,0.00151,18
70,0.00151,18
80,0.00151,18
90,0.00151,18
100,0.00151,18
