Time ,Mass (kg)
40,0.000754
50,0.000754
60,0.000754
70,0.000754
80,0.000754
90,0.000754
100,0.000754
