Time ,Mass (kg)
0,0.000754
200,0.000754
