Time ,Mass (kg),Q (kJ)
40,0.000754,9.05
50,0.000754,9.05
60,0.000754,9.05
70,0.000754,9.05
80,0.000754,9.05
90,0.000754,9.05
100,0.000754,9.05
