Time,Density,Pressure,Temperature,Enthalpy
0,1.1639922,0,20,354.6375
5,1.1639922,0,20,354.6375
10,NaN,NaN,NaN,NaN
55,1.321071833,19646.62659,35.22590967,423.4006931
60,1.321071833,19646.62659,35.22590967,423.4006931
