Time,Density,Pressure,Temperature,Enthalpy
0,1.1639922,0,20,354.6375
5,1.1639922,0,20,354.6375
10,NaN,NaN,NaN,NaN
55,1.3639922,64283.34027,135.7279345,579.6291909
60,1.3639922,64283.34027,135.7279345,579.6291909
