Time ,Mass_1 (kg),Q_1 (kJ),Mass_2 (kg),Q_2 (kJ)
92,0.00576,69.12,0.009,108
96,0.00576,69.12,0.009,108
100,0.00576,69.12,0.009,108
