Time,pres_1,pres_2,vflow1,vflow2
10,2.25757,-2.257565,-0.0498253,0.0498253
20,2.25757,-2.257565,-0.0498253,0.0498253
30,2.25757,-2.257565,-0.0498253,0.0498253
40,2.25757,-2.257565,-0.0498253,0.0498253
50,2.25757,-2.257565,-0.0498253,0.0498253
60,2.25757,-2.257565,-0.0498253,0.0498253
