Time,pres_1,pres_2,vflow1,vflow2
10,4.51513,-4.51513,-0.0498253,0.0498253
20,4.51513,-4.51513,-0.0498253,0.0498253
30,4.51513,-4.51513,-0.0498253,0.0498253
40,4.51513,-4.51513,-0.0498253,0.0498253
50,4.51513,-4.51513,-0.0498253,0.0498253
60,4.51513,-4.51513,-0.0498253,0.0498253
