Time,pres_1,pres_2,vflow1,vflow2
30,4.51513,-4.51513,-0.0498253,0.0498253
60,4.51513,-4.51513,-0.0498253,0.0498253
