Time,Exact Q,Exact T
0,45.243122,58.86892
1,45.243122,58.86892
