Time,Exact Q,Exact T
0,45.243122,332.01892
1,45.243122,332.01892
