Time,Exact Species 1,Exact Total
8,0.5819961,1.1639922
10,0.5819961,1.1639922
