Time,Exact Species 1,Exact Total
0,0.5819961,1.1639922
10,0.5819961,1.1639922
