Time,Exact Species 1,Exact Total
0,0.599223,1.198446
10,0.599223,1.198446
