Time,Ideal Species 1,Ideal Total
0,0.5819961,1.1639922
5,0.5819961,1.1639922
10,0.5819961,1.1639922
