Time,Exact Species 1,Exact Total
0,0.599411086,1.198822172
10,0.599411086,1.198822172
