Time,pres_1,pres_2,vflow1,vflow2
5,2.2592,-2.2592,-0.04911,0.04911
10,2.2592,-2.2592,-0.04911,0.04911
15,2.2592,-2.2592,-0.04911,0.04911
20,2.2592,-2.2592,-0.04911,0.04911
