Time ,Mass (kg)
0,0.00075
200,0.00075
