s,kW,kW,kW,kW,kg/s
FDS_HRR_Time,HRR,RAD_LOSS,CONV_LOSS,COND_LOSS,BURN_RATE
 0.0000000E+000, 0.0000000E+000, 0.0000000E+000, 0.0000000E+000, 0.0000000E+000, 0.0000000E+000
